User_ID,Model_Used,Likes,Dislikes,Donations ($),Time_Spent (min),Conversion_Rate (%),Recommendation_Accuracy (%),Engagement_(min/session),user_age,user_cuisine,sex,taste
1,2,8,10,0.0,68,0.0,89.78,5.23,95,Chinese,Male,Salty
2,0,14,3,0.0,72,0.0,84.0,8.0,27,Thai,Male,Spicy
3,1,20,2,11.09,163,8.45,77.27,14.82,60,French,Female,Salty
4,0,10,7,0.0,113,0.0,71.69,11.3,30,Greek,Male,Umami
5,1,8,10,5.42,171,11.42,81.65,11.4,69,French,Male,Sweet
6,2,11,5,0.0,110,0.0,73.54,9.17,84,American,Female,Bitter
7,1,11,4,0.0,127,0.0,80.88,18.14,91,French,Male,Spicy
8,2,5,2,0.0,113,0.0,63.21,7.53,93,American,Male,Sweet
9,0,15,7,0.0,84,0.0,79.07,5.6,67,Japanese,Male,Bitter
10,2,6,8,0.0,123,0.0,77.07,10.25,53,Chinese,Male,Salty
11,1,11,10,0.0,158,0.0,89.46,19.75,59,Chinese,Male,Salty
12,2,9,10,0.0,110,0.0,83.46,9.17,55,French,Female,Spicy
13,1,19,3,0.0,152,0.0,82.41,11.69,71,Greek,Female,Sour
14,0,10,2,3.48,100,8.87,65.43,14.29,69,Thai,Female,Sour
15,0,10,6,0.0,174,0.0,70.03,15.82,14,Greek,Female,Bitter
16,1,5,5,0.0,156,0.0,66.03,31.2,31,Thai,Male,Sweet
17,2,14,6,0.0,162,0.0,64.45,11.57,29,Thai,Female,Bitter
18,1,12,6,0.0,65,0.0,65.73,5.91,17,Spanish,Male,Spicy
19,0,15,1,0.0,60,0.0,78.45,5.45,41,American,Female,Sweet
20,2,16,1,0.0,157,0.0,79.26,10.47,26,Mexican,Female,Salty
21,0,6,2,0.0,155,0.0,89.63,10.33,1,Italian,Male,Sweet
22,2,11,5,0.0,60,0.0,67.3,5.0,29,Italian,Female,Bitter
23,2,12,6,0.0,60,0.0,86.71,7.5,97,Italian,Female,Umami
24,0,12,3,0.0,158,0.0,78.58,14.36,5,American,Female,Sweet
25,0,14,10,0.0,114,0.0,62.02,22.8,94,French,Male,Bitter
26,1,19,4,0.0,65,0.0,68.47,9.29,46,Greek,Male,Sweet
27,0,10,9,0.0,145,0.0,71.88,24.17,65,American,Female,Spicy
28,2,8,8,0.0,142,0.0,74.41,23.67,46,American,Female,Umami
29,0,6,2,0.0,86,0.0,67.06,7.17,91,French,Female,Sour
30,2,14,8,0.0,121,0.0,81.71,10.08,45,American,Male,Salty
31,1,19,8,14.71,102,10.4,86.82,17.0,85,American,Male,Sweet
32,1,18,5,2.97,133,8.9,74.49,22.17,52,Japanese,Female,Salty
33,1,13,6,0.0,99,0.0,62.98,11.0,99,Thai,Female,Umami
34,1,17,10,0.0,104,0.0,65.75,8.67,41,Japanese,Female,Sweet
35,2,15,4,14.19,79,9.85,82.02,11.29,71,American,Female,Bitter
36,2,15,10,0.0,99,0.0,78.99,8.25,92,Greek,Female,Bitter
37,1,8,1,0.0,107,0.0,77.91,8.92,26,Italian,Female,Salty
38,1,13,5,0.0,96,0.0,79.14,10.67,87,Italian,Female,Bitter
39,2,13,7,14.83,96,5.92,87.23,6.4,56,Japanese,Female,Salty
40,1,6,5,0.0,144,0.0,85.13,16.0,42,Thai,Male,Salty
41,0,10,6,0.0,113,0.0,80.19,10.27,95,American,Male,Salty
42,1,17,10,0.0,157,0.0,79.81,17.44,41,Chinese,Female,Bitter
43,2,13,10,0.0,94,0.0,66.82,6.71,94,Chinese,Female,Sour
44,0,12,2,0.0,107,0.0,84.85,7.13,74,Spanish,Female,Sour
45,0,8,2,0.0,155,0.0,71.1,11.92,16,Chinese,Male,Spicy
46,2,19,7,0.0,178,0.0,77.66,25.43,6,American,Male,Umami
47,0,14,4,0.0,126,0.0,69.67,14.0,46,Mexican,Male,Umami
48,1,16,10,0.0,98,0.0,67.11,6.53,83,Chinese,Female,Bitter
49,0,9,7,5.7,174,8.6,89.78,17.4,33,French,Female,Salty
50,2,16,6,0.0,94,0.0,77.76,18.8,1,Japanese,Female,Salty
51,1,10,2,0.0,172,0.0,67.16,28.67,34,Thai,Male,Umami
52,1,16,7,0.0,144,0.0,87.57,9.6,88,American,Female,Sweet
53,0,12,5,0.0,160,0.0,78.71,12.31,40,Thai,Female,Sweet
54,2,15,3,0.0,166,0.0,79.56,27.67,95,French,Female,Sour
55,2,14,9,0.0,131,0.0,68.73,13.1,45,American,Female,Salty
56,2,16,4,0.0,94,0.0,70.52,8.55,24,French,Male,Sour
57,0,13,8,0.0,65,0.0,81.78,13.0,11,Thai,Male,Salty
58,0,19,6,16.59,100,13.53,71.17,6.67,14,French,Female,Sweet
59,1,6,9,0.0,133,0.0,62.47,9.5,59,Spanish,Male,Sour
60,0,8,6,0.0,127,0.0,83.53,8.47,49,French,Male,Sour
61,0,15,2,0.0,69,0.0,62.19,5.75,76,Italian,Male,Sweet
62,2,9,7,0.0,157,0.0,60.28,17.44,6,Chinese,Male,Sour
63,0,12,4,5.47,81,6.28,61.09,16.2,78,Thai,Female,Umami
64,0,14,4,0.0,132,0.0,64.02,13.2,39,Italian,Female,Salty
65,1,18,8,0.0,140,0.0,76.18,10.77,84,Indian,Female,Bitter
66,0,16,5,0.0,134,0.0,80.46,16.75,46,Italian,Male,Bitter
67,1,14,4,0.58,77,11.17,65.93,8.56,50,Japanese,Male,Salty
68,1,5,6,9.84,138,9.8,64.68,10.62,75,Indian,Male,Sweet
69,0,19,5,0.0,87,0.0,60.72,8.7,42,American,Female,Spicy
70,0,13,1,0.0,170,0.0,73.48,15.45,72,Spanish,Female,Sweet
71,2,13,8,0.0,102,0.0,71.06,12.75,70,Italian,Female,Bitter
72,2,9,1,16.0,168,9.88,75.62,14.0,37,Greek,Male,Salty
73,1,9,9,0.0,88,0.0,64.8,5.87,1,Chinese,Female,Spicy
74,2,6,8,0.0,104,0.0,85.39,8.67,34,Greek,Female,Sweet
75,1,15,8,0.0,164,0.0,63.84,23.43,35,Chinese,Female,Umami
76,1,15,10,0.0,114,0.0,65.36,8.77,72,Japanese,Female,Salty
77,0,8,1,0.0,108,0.0,61.97,9.82,91,Japanese,Male,Sweet
78,0,11,3,0.0,118,0.0,61.72,10.73,17,Thai,Female,Sour
79,0,10,10,0.0,176,0.0,85.72,13.54,37,Italian,Male,Umami
80,2,17,1,0.0,84,0.0,60.76,6.0,70,Italian,Male,Sour
81,1,17,4,0.0,144,0.0,74.2,20.57,48,Chinese,Female,Umami
82,1,12,3,0.0,122,0.0,72.11,13.56,99,Mexican,Female,Sweet
83,1,15,9,0.0,173,0.0,85.46,34.6,69,American,Female,Spicy
84,1,8,3,0.0,120,0.0,67.89,20.0,49,Spanish,Male,Bitter
85,0,9,8,0.0,144,0.0,60.76,16.0,76,Greek,Female,Sour
86,1,14,6,5.06,142,7.79,76.53,20.29,39,French,Male,Sour
87,1,17,9,0.0,118,0.0,89.74,8.43,77,American,Male,Umami
88,2,5,7,0.0,110,0.0,69.07,13.75,27,Mexican,Male,Salty
89,1,11,10,0.0,133,0.0,84.22,26.6,43,Japanese,Male,Salty
90,0,18,3,0.0,148,0.0,88.66,21.14,12,Greek,Male,Spicy
91,2,18,10,0.0,165,0.0,61.03,12.69,35,French,Female,Bitter
92,0,18,8,0.0,104,0.0,87.61,9.45,18,Mexican,Male,Sweet
93,2,20,9,0.0,60,0.0,61.23,6.67,78,Italian,Male,Spicy
94,0,9,8,0.0,131,0.0,78.34,13.1,30,Greek,Female,Spicy
95,0,13,7,7.45,147,5.85,76.4,11.31,67,Chinese,Male,Umami
96,2,10,4,0.0,173,0.0,75.21,21.62,50,French,Male,Umami
97,1,16,9,0.0,134,0.0,88.61,14.89,37,Thai,Male,Sour
98,2,13,9,4.87,71,11.42,71.44,7.89,9,Greek,Male,Sour
99,2,8,5,0.0,139,0.0,82.23,11.58,84,Greek,Male,Salty
100,2,5,10,3.81,148,11.31,64.7,12.33,46,Greek,Female,Spicy
101,0,14,2,0.0,101,0.0,82.13,7.77,26,Italian,Female,Bitter
102,2,12,9,0.0,104,0.0,85.41,10.4,40,Mexican,Male,Sweet
103,2,20,5,16.37,74,9.53,72.61,12.33,8,Japanese,Male,Bitter
104,2,19,4,0.0,92,0.0,88.77,8.36,25,French,Female,Bitter
105,1,14,8,0.0,158,0.0,76.36,26.33,37,Mexican,Female,Bitter
106,0,5,7,0.0,155,0.0,85.31,12.92,47,Greek,Female,Umami
107,1,15,6,0.0,167,0.0,67.48,18.56,7,Italian,Female,Salty
108,2,12,1,0.0,103,0.0,80.94,8.58,84,Spanish,Female,Spicy
109,2,18,10,0.0,117,0.0,62.01,8.36,45,Greek,Male,Bitter
110,2,20,1,9.47,175,12.16,64.79,17.5,89,Spanish,Male,Sour
111,1,5,3,0.0,138,0.0,89.84,17.25,79,French,Female,Bitter
112,1,18,3,0.16,60,12.82,85.53,10.0,88,French,Female,Spicy
113,2,15,1,14.28,109,9.41,69.69,21.8,44,Italian,Female,Sweet
114,2,15,9,0.0,176,0.0,84.77,14.67,92,Japanese,Male,Sour
115,0,16,6,4.39,167,12.68,82.84,12.85,69,Chinese,Male,Sweet
116,2,6,2,0.0,130,0.0,76.7,9.29,1,Indian,Male,Umami
117,0,12,7,0.0,142,0.0,89.93,11.83,88,Mexican,Female,Salty
118,2,15,6,9.19,167,6.45,89.73,20.88,42,Spanish,Male,Spicy
119,2,11,7,0.0,92,0.0,88.01,15.33,41,Mexican,Male,Bitter
120,1,13,2,0.0,82,0.0,78.94,9.11,36,Spanish,Female,Bitter
121,2,20,6,0.0,80,0.0,64.26,7.27,50,Thai,Male,Salty
122,1,13,8,8.35,65,14.83,80.32,4.33,53,French,Male,Salty
123,2,13,1,0.0,87,0.0,62.59,5.8,1,Spanish,Male,Spicy
124,1,20,3,0.0,102,0.0,66.66,11.33,100,Thai,Male,Salty
125,0,5,3,0.0,62,0.0,88.82,4.77,17,Spanish,Male,Spicy
126,2,11,1,0.0,152,0.0,65.07,16.89,62,Italian,Male,Bitter
127,1,16,2,0.0,111,0.0,65.1,7.93,76,Greek,Male,Sweet
128,2,19,8,0.0,136,0.0,88.36,17.0,78,American,Male,Umami
129,2,8,10,0.0,163,0.0,65.68,13.58,40,American,Male,Umami
130,1,5,5,0.0,176,0.0,68.86,19.56,43,Greek,Female,Umami
131,0,13,10,0.0,130,0.0,85.93,11.82,33,Japanese,Female,Spicy
132,2,7,3,0.0,120,0.0,86.99,24.0,67,Japanese,Female,Spicy
133,1,20,2,0.0,102,0.0,72.05,6.8,41,Thai,Male,Sweet
134,0,17,6,0.0,104,0.0,78.65,7.43,80,Mexican,Female,Umami
135,2,16,9,0.0,73,0.0,62.05,6.64,8,Mexican,Female,Spicy
136,1,11,5,13.96,153,10.3,62.02,25.5,37,Chinese,Male,Spicy
137,2,13,8,0.0,157,0.0,69.19,26.17,13,Chinese,Female,Salty
138,1,17,10,0.0,167,0.0,78.39,13.92,18,French,Male,Umami
139,2,10,5,6.71,87,5.37,74.32,17.4,7,American,Female,Salty
140,1,9,2,0.0,143,0.0,81.65,11.0,56,Japanese,Female,Spicy
141,2,17,10,2.39,122,8.37,85.72,17.43,23,Mexican,Female,Salty
142,1,9,2,0.0,161,0.0,60.06,17.89,62,Thai,Male,Bitter
143,1,9,8,5.12,116,6.19,84.97,23.2,89,French,Male,Sour
144,2,20,7,0.0,162,0.0,72.84,13.5,31,Italian,Female,Bitter
145,0,7,9,0.0,80,0.0,75.42,11.43,28,Italian,Male,Bitter
146,1,13,8,16.15,162,6.61,83.68,11.57,97,American,Male,Spicy
147,2,9,10,0.0,109,0.0,66.14,8.38,15,Chinese,Male,Salty
148,0,8,7,0.0,90,0.0,73.25,9.0,5,Mexican,Male,Salty
149,1,13,6,0.0,146,0.0,67.63,12.17,22,Indian,Female,Sweet
150,0,7,4,0.0,154,0.0,77.95,14.0,28,Italian,Male,Spicy
151,0,16,4,0.0,121,0.0,62.27,8.07,96,Indian,Male,Sour
152,0,19,2,0.0,171,0.0,86.01,17.1,60,Mexican,Female,Spicy
153,0,16,5,15.4,93,14.3,88.85,6.2,42,Greek,Female,Sour
154,2,15,10,0.0,111,0.0,73.55,11.1,66,Spanish,Female,Umami
155,2,9,5,0.0,99,0.0,64.87,9.9,72,Spanish,Male,Spicy
156,0,5,10,0.0,157,0.0,85.72,11.21,72,French,Male,Sweet
157,0,7,4,0.0,126,0.0,65.86,10.5,81,Thai,Male,Spicy
158,1,7,8,4.84,142,7.09,65.31,12.91,59,Indian,Female,Sour
159,1,18,4,13.36,161,13.23,70.6,16.1,24,Chinese,Male,Bitter
160,0,6,8,6.27,109,8.42,70.68,12.11,34,Spanish,Female,Bitter
161,0,11,2,0.0,86,0.0,83.55,14.33,96,Japanese,Female,Salty
162,0,17,6,0.0,125,0.0,78.91,12.5,55,Spanish,Male,Bitter
163,2,11,3,17.5,178,13.81,76.01,11.87,35,Indian,Male,Spicy
164,1,7,8,0.0,99,0.0,64.24,9.0,63,Greek,Female,Salty
165,1,8,9,0.0,160,0.0,74.71,14.55,57,French,Female,Spicy
166,1,8,7,0.0,90,0.0,60.37,6.43,9,American,Male,Salty
167,0,14,7,0.0,66,0.0,65.94,5.08,27,Chinese,Male,Bitter
168,1,16,5,0.0,147,0.0,72.62,24.5,28,Mexican,Male,Salty
169,0,6,10,0.0,159,0.0,79.04,12.23,93,Chinese,Male,Umami
170,1,5,4,8.34,128,12.62,64.32,14.22,97,French,Female,Salty
171,2,14,1,0.0,129,0.0,88.59,12.9,53,Indian,Male,Umami
172,1,10,3,15.57,137,14.64,81.38,15.22,52,French,Female,Sweet
173,0,20,8,0.0,106,0.0,70.49,10.6,9,French,Female,Sweet
174,1,16,6,6.95,104,8.15,67.81,9.45,56,Spanish,Male,Salty
175,2,10,7,0.0,98,0.0,70.22,7.0,76,American,Female,Umami
176,1,6,6,7.03,71,8.81,72.5,10.14,18,French,Female,Salty
177,0,10,3,0.0,106,0.0,60.7,10.6,2,Mexican,Female,Spicy
178,0,15,5,11.2,150,12.2,82.0,11.54,62,Chinese,Female,Sweet
179,0,7,7,0.0,118,0.0,84.99,14.75,64,Thai,Female,Umami
180,0,6,4,0.0,97,0.0,77.8,9.7,81,Chinese,Female,Sweet
181,1,11,10,0.0,63,0.0,85.71,4.5,69,Indian,Male,Salty
182,1,18,5,0.0,147,0.0,62.01,10.5,89,American,Female,Umami
183,2,13,10,14.16,143,6.54,65.11,11.0,80,Chinese,Male,Sour
184,2,9,10,6.54,118,6.43,64.48,7.87,30,American,Male,Bitter
185,1,16,2,0.0,155,0.0,71.85,22.14,48,Greek,Female,Sweet
186,1,20,3,0.0,170,0.0,65.64,28.33,79,Chinese,Female,Sour
187,0,12,10,0.0,65,0.0,72.61,5.0,48,Spanish,Male,Sweet
188,1,6,2,0.0,82,0.0,69.74,7.45,67,Greek,Male,Umami
189,1,12,6,0.0,76,0.0,78.75,12.67,84,Indian,Female,Spicy
190,0,19,10,9.79,163,7.65,89.57,12.54,52,Italian,Female,Sweet
191,0,19,7,3.58,76,11.49,62.71,6.33,28,Indian,Female,Sweet
192,0,8,4,12.51,73,9.7,63.02,12.17,44,American,Female,Umami
193,0,7,10,0.0,73,0.0,84.02,9.12,93,Italian,Female,Sour
194,0,12,8,0.0,158,0.0,85.6,19.75,83,Spanish,Male,Spicy
195,1,18,2,0.0,95,0.0,83.07,11.88,77,Greek,Male,Bitter
196,2,5,1,0.0,100,0.0,61.13,12.5,29,Mexican,Female,Sour
197,0,6,7,6.52,112,10.97,82.49,8.62,92,Greek,Female,Umami
198,0,14,10,0.0,162,0.0,76.12,14.73,97,French,Male,Salty
199,1,10,9,0.0,154,0.0,87.18,11.85,3,Chinese,Female,Sweet
200,2,6,10,0.0,97,0.0,78.73,9.7,70,Thai,Female,Spicy
201,0,13,5,0.0,63,0.0,63.87,7.0,64,Chinese,Female,Bitter
202,1,6,3,0.0,135,0.0,73.63,27.0,36,Japanese,Male,Bitter
203,2,19,10,0.0,106,0.0,71.17,8.15,37,Indian,Male,Umami
204,1,18,4,0.0,168,0.0,71.1,11.2,4,Greek,Female,Spicy
205,0,10,8,0.0,60,0.0,67.37,12.0,11,Japanese,Male,Bitter
206,2,17,5,7.46,122,13.37,66.14,17.43,9,Italian,Female,Salty
207,1,9,5,1.84,91,6.8,89.62,10.11,16,Spanish,Male,Bitter
208,0,6,9,0.0,131,0.0,64.93,16.38,10,Chinese,Female,Umami
209,2,6,10,0.31,136,8.91,81.49,12.36,30,Italian,Female,Sweet
210,2,11,4,0.0,122,0.0,61.39,15.25,17,Japanese,Female,Umami
211,1,15,1,0.0,103,0.0,86.55,10.3,6,Italian,Male,Spicy
212,1,13,9,18.61,155,9.0,69.21,17.22,17,Chinese,Male,Salty
213,2,8,3,8.84,168,10.06,70.31,14.0,69,Japanese,Female,Bitter
214,2,7,1,0.0,132,0.0,65.79,8.8,29,Greek,Female,Umami
215,2,14,1,0.0,77,0.0,71.31,15.4,9,Chinese,Male,Sweet
216,1,9,8,0.0,173,0.0,66.23,12.36,89,Chinese,Female,Salty
217,2,6,5,0.0,150,0.0,72.66,30.0,5,Spanish,Male,Bitter
218,0,19,3,0.0,142,0.0,83.48,14.2,64,Indian,Male,Sweet
219,1,11,3,0.0,136,0.0,67.83,9.07,51,French,Male,Umami
220,1,7,6,0.0,152,0.0,71.32,12.67,1,Japanese,Male,Bitter
221,2,10,6,0.0,91,0.0,85.47,9.1,53,Mexican,Female,Sweet
222,1,5,7,12.6,99,9.38,88.68,12.38,56,Greek,Female,Sweet
223,2,12,5,0.0,70,0.0,73.81,6.36,37,Greek,Male,Bitter
224,2,15,2,0.0,124,0.0,84.69,9.54,50,Japanese,Female,Sweet
225,1,19,2,7.18,155,11.51,72.93,14.09,78,Greek,Male,Bitter
226,1,5,2,0.0,163,0.0,81.57,13.58,13,Indian,Male,Spicy
227,2,19,8,0.0,124,0.0,68.07,8.27,15,Greek,Male,Bitter
228,0,9,4,0.0,158,0.0,67.43,12.15,58,Greek,Female,Sweet
229,1,13,8,0.0,169,0.0,89.75,16.9,45,American,Female,Bitter
230,1,10,1,0.0,156,0.0,74.07,22.29,22,Italian,Female,Sweet
231,1,10,3,3.79,81,12.23,64.61,7.36,64,Italian,Female,Spicy
232,2,14,7,0.0,140,0.0,84.23,20.0,31,Greek,Male,Spicy
233,1,15,7,14.31,93,12.05,75.6,6.2,49,French,Female,Umami
234,2,17,1,0.0,155,0.0,88.18,15.5,97,Indian,Male,Sweet
235,1,17,1,0.0,99,0.0,73.69,11.0,60,Spanish,Male,Sweet
236,1,13,9,0.0,93,0.0,60.91,7.75,33,Spanish,Male,Salty
237,1,15,8,9.13,75,6.55,77.51,6.25,85,Indian,Female,Umami
238,0,19,1,0.0,125,0.0,71.66,10.42,7,French,Female,Sweet
239,1,11,4,0.0,164,0.0,85.84,20.5,67,French,Female,Sour
240,1,17,1,9.0,163,11.4,81.45,12.54,58,Japanese,Female,Bitter
241,0,19,3,0.0,68,0.0,66.47,13.6,58,Indian,Female,Sweet
242,2,16,3,15.99,110,9.29,78.77,10.0,17,Italian,Female,Sweet
243,2,15,4,0.0,66,0.0,62.18,5.08,94,Mexican,Female,Umami
244,2,10,4,0.0,173,0.0,64.32,17.3,50,Greek,Female,Sweet
245,2,5,1,0.0,171,0.0,88.82,28.5,73,Chinese,Female,Salty
246,0,14,2,0.0,118,0.0,85.13,13.11,49,Thai,Male,Sweet
247,2,18,1,10.94,91,13.03,80.08,7.58,79,Japanese,Female,Bitter
248,0,14,9,0.0,171,0.0,82.64,13.15,87,Chinese,Female,Sweet
249,1,11,5,0.0,165,0.0,85.86,23.57,33,Japanese,Male,Sweet
250,2,19,8,0.0,128,0.0,89.02,25.6,3,Mexican,Female,Spicy
251,1,15,3,6.17,138,6.99,64.32,17.25,1,Thai,Female,Bitter
252,1,14,2,0.0,150,0.0,74.68,30.0,5,Thai,Female,Spicy
253,0,5,10,0.0,165,0.0,69.6,27.5,89,Italian,Female,Sweet
254,0,16,7,0.0,124,0.0,63.24,8.86,72,Spanish,Female,Sweet
255,0,18,8,0.0,109,0.0,65.87,9.08,88,French,Male,Umami
256,1,8,2,0.0,72,0.0,61.66,10.29,32,Greek,Male,Spicy
257,2,14,9,0.0,153,0.0,83.03,19.12,86,Mexican,Female,Sweet
258,2,10,2,9.88,132,5.92,69.69,14.67,75,Spanish,Female,Bitter
259,0,12,6,0.0,149,0.0,61.9,16.56,79,Greek,Female,Sweet
260,1,15,3,0.0,164,0.0,76.35,27.33,14,Greek,Female,Spicy
261,1,17,1,0.0,84,0.0,87.24,7.64,84,Mexican,Female,Umami
262,2,15,8,0.0,101,0.0,87.07,10.1,16,American,Female,Bitter
263,2,18,10,0.0,80,0.0,72.9,6.15,96,Italian,Female,Spicy
264,0,14,9,16.93,70,14.83,86.72,11.67,60,Indian,Male,Sweet
265,0,20,10,0.0,82,0.0,77.54,5.47,32,Indian,Male,Salty
266,1,19,3,10.83,175,12.08,67.55,14.58,31,Japanese,Male,Bitter
267,0,13,4,0.0,130,0.0,78.47,21.67,41,Thai,Female,Bitter
268,2,8,9,16.51,65,11.49,88.46,5.91,25,Chinese,Female,Umami
269,2,7,5,0.0,77,0.0,89.42,5.92,13,Spanish,Female,Salty
270,2,6,10,13.02,76,5.34,85.44,15.2,54,Thai,Male,Salty
271,2,12,10,0.0,137,0.0,62.71,11.42,88,Chinese,Female,Sour
272,2,19,3,0.0,112,0.0,72.6,11.2,93,Japanese,Female,Bitter
273,0,13,10,0.0,101,0.0,79.63,11.22,66,Indian,Male,Sweet
274,0,8,10,0.0,159,0.0,69.58,11.36,60,Mexican,Female,Sweet
275,0,15,1,0.0,134,0.0,65.15,13.4,16,American,Female,Sour
276,2,11,5,0.0,98,0.0,79.32,16.33,42,American,Male,Salty
277,1,9,7,0.0,104,0.0,73.02,10.4,41,American,Male,Bitter
278,0,16,5,0.0,110,0.0,63.33,18.33,16,American,Female,Sour
279,2,12,4,13.89,72,8.08,88.33,5.14,33,Japanese,Male,Sour
280,2,9,2,11.79,99,8.95,61.92,7.62,60,Chinese,Male,Umami
281,0,20,2,0.0,134,0.0,83.61,16.75,3,Italian,Male,Sour
282,1,16,3,0.0,112,0.0,83.88,9.33,77,Indian,Female,Spicy
283,2,10,8,0.0,167,0.0,60.96,20.88,85,Mexican,Male,Sour
284,0,18,8,16.09,139,5.57,81.15,13.9,45,Spanish,Male,Sour
285,1,12,5,0.0,98,0.0,61.84,10.89,26,American,Female,Umami
286,1,7,6,0.0,89,0.0,72.54,7.42,84,Thai,Female,Salty
287,2,10,10,0.0,73,0.0,84.98,6.64,99,Chinese,Male,Spicy
288,1,13,4,0.0,153,0.0,74.78,25.5,61,Thai,Male,Bitter
289,0,16,4,0.0,133,0.0,89.07,8.87,9,Spanish,Male,Umami
290,0,17,7,6.71,157,5.15,68.35,31.4,49,Indian,Male,Spicy
291,0,19,8,0.0,89,0.0,63.61,14.83,90,Thai,Female,Salty
292,2,17,6,3.99,143,5.7,78.78,15.89,67,Mexican,Female,Spicy
293,0,19,5,0.0,153,0.0,61.48,17.0,40,Japanese,Male,Sour
294,0,6,4,0.0,114,0.0,81.44,8.77,60,French,Female,Bitter
295,2,14,10,14.83,168,9.75,76.48,12.92,29,Spanish,Male,Spicy
296,1,20,4,0.0,124,0.0,70.41,20.67,100,Indian,Female,Spicy
297,0,15,10,5.48,107,13.16,82.33,13.38,9,French,Male,Bitter
298,1,9,5,0.0,125,0.0,73.55,12.5,25,Chinese,Female,Spicy
299,1,19,6,12.7,134,7.6,72.15,13.4,26,Chinese,Male,Spicy
300,2,14,7,0.0,167,0.0,84.34,16.7,47,Thai,Female,Sour
301,2,9,4,16.65,103,11.28,79.1,14.71,47,French,Female,Salty
302,2,8,10,0.0,105,0.0,61.59,15.0,53,Spanish,Male,Spicy
303,2,8,10,0.0,170,0.0,87.03,13.08,64,American,Female,Umami
304,1,8,10,19.94,61,10.07,72.42,5.08,36,Indian,Female,Salty
305,0,12,4,4.9,150,14.96,68.32,10.71,63,Japanese,Female,Spicy
306,1,6,5,14.93,79,13.66,89.73,6.08,18,Thai,Male,Salty
307,1,11,8,0.0,74,0.0,66.22,4.93,30,Chinese,Female,Bitter
308,1,18,6,0.0,82,0.0,82.52,16.4,51,Thai,Male,Salty
309,0,8,3,11.13,137,11.76,82.14,12.45,23,Thai,Female,Sour
310,2,16,7,0.0,161,0.0,82.84,32.2,95,Indian,Male,Bitter
311,1,17,8,0.0,139,0.0,79.67,9.93,94,Indian,Male,Sour
312,2,19,5,6.23,175,6.8,77.63,12.5,1,French,Female,Spicy
313,2,17,9,0.0,93,0.0,89.78,7.15,1,Spanish,Female,Spicy
314,0,14,3,0.0,178,0.0,62.29,25.43,60,Mexican,Male,Sweet
315,1,9,4,16.63,157,10.41,83.79,31.4,87,Indian,Male,Sweet
316,0,19,10,0.0,128,0.0,65.78,16.0,57,Mexican,Male,Spicy
317,1,5,3,0.0,96,0.0,72.87,8.0,97,Indian,Male,Spicy
318,1,5,7,4.03,88,6.51,88.29,5.87,96,French,Female,Sweet
319,0,7,3,0.0,63,0.0,86.14,4.2,97,Greek,Male,Umami
320,2,7,5,0.0,74,0.0,64.1,5.69,25,American,Female,Umami
321,1,14,9,0.0,175,0.0,76.3,15.91,1,Chinese,Female,Sweet
322,1,15,1,0.0,151,0.0,78.84,13.73,57,Indian,Female,Bitter
323,1,13,6,5.74,88,7.01,78.65,6.29,40,Chinese,Female,Umami
324,2,16,1,11.94,93,14.19,88.5,13.29,56,Italian,Male,Umami
325,2,10,10,0.0,85,0.0,77.84,8.5,54,Italian,Male,Sweet
326,0,18,4,0.0,108,0.0,81.1,9.0,8,Italian,Male,Sweet
327,2,12,3,18.19,72,9.15,83.23,12.0,17,Greek,Female,Spicy
328,0,8,2,3.02,112,5.03,71.62,7.47,75,American,Male,Salty
329,0,13,6,0.0,99,0.0,62.9,9.0,97,French,Female,Spicy
330,2,10,2,0.0,112,0.0,60.58,8.0,76,American,Male,Sweet
331,1,18,1,0.0,97,0.0,70.93,13.86,92,Italian,Female,Spicy
332,0,16,7,18.45,75,10.49,75.79,9.38,57,French,Male,Bitter
333,2,6,8,0.0,151,0.0,87.28,10.07,34,Greek,Female,Sweet
334,0,20,8,0.0,172,0.0,78.29,13.23,17,Chinese,Female,Umami
335,0,8,5,0.0,63,0.0,65.08,4.5,70,French,Female,Bitter
336,1,17,6,0.0,144,0.0,87.67,10.29,9,American,Female,Spicy
337,0,6,7,0.0,173,0.0,84.76,11.53,32,Japanese,Male,Spicy
338,2,10,1,0.0,106,0.0,71.25,17.67,71,Chinese,Female,Umami
339,2,6,10,0.0,125,0.0,79.07,11.36,77,American,Female,Sour
340,1,7,4,0.0,179,0.0,88.78,12.79,87,Italian,Female,Salty
341,0,5,6,0.0,84,0.0,61.72,14.0,32,French,Female,Bitter
342,1,20,9,12.46,131,8.48,78.53,14.56,87,French,Male,Sour
343,1,9,5,0.0,159,0.0,87.98,19.88,64,Greek,Male,Salty
344,1,8,5,0.0,168,0.0,78.89,33.6,31,Japanese,Male,Sweet
345,0,10,7,0.0,159,0.0,74.96,26.5,89,Mexican,Male,Sweet
346,2,5,6,0.0,168,0.0,73.48,24.0,6,American,Male,Sweet
347,1,13,5,19.52,84,5.53,67.4,5.6,71,American,Male,Umami
348,1,18,1,0.0,172,0.0,68.54,34.4,89,American,Female,Sour
349,0,10,10,13.92,112,14.24,74.14,11.2,96,Japanese,Male,Salty
350,0,12,6,16.42,103,7.89,64.1,11.44,64,Japanese,Male,Salty
351,2,18,4,13.75,86,13.09,72.1,6.14,29,Thai,Female,Sweet
352,0,10,10,0.0,125,0.0,71.06,8.93,61,Chinese,Male,Bitter
353,1,16,2,0.0,161,0.0,72.19,11.5,35,Chinese,Female,Salty
354,1,8,5,0.0,97,0.0,74.69,19.4,88,Indian,Male,Bitter
355,0,8,1,0.0,162,0.0,70.92,23.14,36,Spanish,Female,Sweet
356,0,13,2,0.0,62,0.0,85.04,6.2,35,Mexican,Male,Salty
357,1,6,4,3.9,113,14.65,87.9,12.56,33,Indian,Female,Salty
358,2,12,5,15.95,64,12.7,85.94,4.57,22,Italian,Male,Salty
359,2,8,10,0.0,69,0.0,80.15,5.31,29,American,Female,Sour
360,1,7,7,0.0,160,0.0,71.08,10.67,20,French,Male,Sweet
361,0,8,4,0.0,91,0.0,75.2,13.0,29,Thai,Female,Spicy
362,0,9,4,0.0,104,0.0,61.13,13.0,63,Japanese,Male,Bitter
363,0,12,8,10.91,107,12.26,69.46,17.83,77,Japanese,Male,Umami
364,2,8,5,0.0,167,0.0,82.15,20.88,58,Greek,Female,Umami
365,0,10,4,0.0,120,0.0,69.4,24.0,99,Mexican,Female,Sweet
366,2,8,10,0.0,78,0.0,73.86,8.67,70,Spanish,Female,Umami
367,1,14,1,0.0,91,0.0,70.13,10.11,78,Thai,Female,Sweet
368,0,5,8,0.0,150,0.0,82.46,25.0,8,French,Female,Bitter
369,0,14,1,0.0,171,0.0,63.27,13.15,83,Japanese,Female,Sweet
370,0,7,5,0.0,140,0.0,68.31,11.67,41,French,Female,Salty
371,1,16,9,6.86,62,8.0,66.74,8.86,81,Spanish,Female,Bitter
372,0,15,6,2.82,62,9.3,69.58,6.89,75,Greek,Male,Bitter
373,1,17,4,0.0,99,0.0,89.53,7.07,35,Italian,Female,Salty
374,2,10,9,0.0,138,0.0,66.16,23.0,80,Italian,Male,Umami
375,2,17,4,0.0,134,0.0,68.84,11.17,21,French,Female,Sour
376,0,19,3,0.0,106,0.0,72.58,17.67,75,Mexican,Male,Bitter
377,2,16,8,12.05,125,13.94,76.24,12.5,57,French,Female,Sweet
378,1,12,1,5.95,102,10.97,71.12,6.8,47,Mexican,Male,Sour
379,0,5,3,0.0,84,0.0,71.2,12.0,56,Greek,Female,Sweet
380,2,13,5,0.0,81,0.0,78.29,10.12,31,Indian,Female,Salty
381,1,7,8,0.0,180,0.0,83.72,16.36,2,Greek,Male,Sour
382,1,19,3,15.45,63,14.75,70.93,9.0,7,Japanese,Female,Spicy
383,1,14,3,0.0,145,0.0,66.77,16.11,71,American,Male,Salty
384,0,16,3,0.0,160,0.0,78.86,17.78,90,Greek,Male,Sour
385,2,18,4,2.45,123,8.44,74.07,13.67,5,French,Female,Salty
386,0,12,8,5.37,162,11.76,86.34,23.14,100,Greek,Male,Sweet
387,1,20,2,0.0,166,0.0,66.46,11.07,68,French,Female,Sweet
388,1,14,8,0.0,72,0.0,70.05,9.0,57,Spanish,Male,Salty
389,1,10,6,0.0,169,0.0,83.67,11.27,40,Mexican,Female,Spicy
390,1,5,8,0.0,100,0.0,61.69,10.0,73,French,Male,Salty
391,1,9,3,0.0,157,0.0,61.94,14.27,45,Thai,Male,Spicy
392,1,16,9,0.0,65,0.0,62.96,5.0,59,American,Female,Salty
393,0,9,3,0.0,67,0.0,65.96,4.79,78,Indian,Male,Sour
394,1,18,6,0.0,87,0.0,77.36,6.21,76,Italian,Female,Sour
395,2,14,9,0.0,80,0.0,78.87,6.67,34,Japanese,Female,Spicy
396,2,20,6,0.0,111,0.0,81.48,13.88,64,American,Female,Sour
397,1,17,9,0.0,168,0.0,63.96,15.27,46,Mexican,Male,Umami
398,1,15,2,3.33,83,7.84,68.42,8.3,43,Japanese,Male,Salty
399,2,18,7,0.0,71,0.0,63.9,11.83,18,Mexican,Male,Umami
400,2,18,10,2.02,94,5.09,63.94,8.55,9,Greek,Female,Spicy
401,2,14,4,0.0,108,0.0,71.44,21.6,22,Indian,Male,Umami
402,1,17,3,0.0,65,0.0,69.04,8.12,78,Chinese,Female,Sour
403,2,16,6,2.06,92,13.36,88.31,7.08,79,Chinese,Male,Sour
404,1,10,10,0.0,123,0.0,70.49,8.2,30,American,Male,Spicy
405,2,11,7,16.46,154,12.68,84.23,22.0,33,French,Male,Salty
406,1,15,8,4.63,95,10.73,70.06,8.64,90,French,Male,Sour
407,1,13,7,0.0,170,0.0,78.5,13.08,20,Spanish,Female,Spicy
408,0,11,3,0.0,75,0.0,68.78,8.33,20,Indian,Male,Bitter
409,1,16,7,0.0,130,0.0,74.17,13.0,97,American,Female,Bitter
410,0,17,9,0.0,96,0.0,61.5,10.67,78,Mexican,Female,Bitter
411,2,14,10,0.0,96,0.0,88.35,10.67,25,Mexican,Male,Spicy
412,2,15,1,0.0,117,0.0,72.74,8.36,96,Indian,Male,Sour
413,1,5,6,0.0,179,0.0,82.52,12.79,9,Chinese,Female,Spicy
414,1,19,9,0.0,124,0.0,79.4,8.27,26,Greek,Female,Spicy
415,0,12,2,0.0,171,0.0,83.35,14.25,55,Mexican,Male,Sweet
416,0,13,8,0.0,71,0.0,74.5,11.83,39,French,Female,Salty
417,1,9,2,0.11,173,14.91,61.5,21.62,68,Chinese,Female,Salty
418,0,19,10,0.0,111,0.0,63.37,15.86,37,Indian,Male,Umami
419,1,8,7,0.0,77,0.0,64.4,8.56,37,Greek,Female,Sweet
420,1,10,8,9.46,100,11.29,82.15,20.0,33,Mexican,Female,Sweet
421,1,5,5,5.01,80,12.03,88.76,8.89,33,American,Female,Sweet
422,1,5,7,0.0,145,0.0,86.11,20.71,89,Japanese,Male,Umami
423,1,20,7,0.0,120,0.0,84.95,24.0,34,Italian,Female,Umami
424,0,20,9,3.91,159,5.21,79.43,11.36,52,Chinese,Female,Spicy
425,2,13,6,0.0,101,0.0,84.45,11.22,55,Spanish,Male,Sweet
426,1,20,8,0.0,73,0.0,74.65,7.3,13,Japanese,Male,Sweet
427,1,7,5,12.01,103,9.12,75.96,6.87,26,Mexican,Female,Spicy
428,1,17,9,4.37,60,13.29,70.7,5.0,36,Greek,Male,Bitter
429,1,17,5,0.0,65,0.0,67.99,8.12,40,Indian,Female,Bitter
430,1,16,5,0.0,161,0.0,63.22,11.5,80,American,Male,Salty
431,2,19,9,16.81,91,13.14,81.83,7.58,76,Thai,Female,Spicy
432,1,18,8,0.0,138,0.0,69.91,12.55,26,Chinese,Female,Umami
433,1,13,7,13.37,172,10.05,84.07,28.67,77,Thai,Male,Sweet
434,0,20,5,0.0,180,0.0,86.6,22.5,22,Indian,Female,Bitter
435,0,9,4,8.24,101,13.42,73.39,9.18,96,Spanish,Male,Sour
436,2,15,3,0.0,60,0.0,83.83,6.0,58,Chinese,Female,Bitter
437,2,18,5,8.29,91,7.14,84.28,7.58,3,Italian,Male,Sweet
438,1,11,1,0.0,177,0.0,78.87,11.8,74,Thai,Male,Spicy
439,2,9,5,0.0,148,0.0,89.13,9.87,32,Italian,Male,Sour
440,2,19,2,0.0,142,0.0,70.63,20.29,94,Mexican,Male,Umami
441,1,13,3,0.0,106,0.0,75.38,13.25,15,Japanese,Male,Spicy
442,2,15,4,10.39,104,9.37,89.43,9.45,14,Chinese,Male,Bitter
443,1,14,10,1.5,77,6.49,77.37,5.13,96,Spanish,Female,Spicy
444,0,19,4,0.0,168,0.0,78.33,24.0,64,French,Female,Bitter
445,0,10,6,0.0,105,0.0,85.4,7.0,43,Japanese,Female,Umami
446,0,5,4,0.0,87,0.0,63.87,17.4,21,Greek,Female,Sweet
447,2,10,6,15.5,123,8.62,77.69,8.79,63,Indian,Female,Bitter
448,1,8,2,3.23,138,11.91,66.56,27.6,52,French,Female,Spicy
449,0,7,5,0.0,97,0.0,78.84,10.78,1,Greek,Male,Sour
450,1,7,5,0.0,166,0.0,78.35,23.71,78,Indian,Male,Umami
451,1,7,3,0.0,67,0.0,86.09,7.44,3,Spanish,Male,Sour
452,0,18,3,16.39,104,10.7,81.22,20.8,10,Greek,Male,Umami
453,2,12,9,0.0,138,0.0,87.29,10.62,6,Japanese,Female,Sweet
454,1,17,9,0.0,150,0.0,65.23,12.5,33,Japanese,Female,Umami
455,0,15,5,1.74,61,12.84,86.16,4.07,12,Japanese,Female,Spicy
456,1,15,6,14.78,142,9.34,76.58,15.78,87,Chinese,Male,Sweet
457,1,15,8,0.0,93,0.0,87.22,6.64,61,Chinese,Female,Spicy
458,2,11,6,0.0,106,0.0,68.55,11.78,75,American,Female,Sour
459,1,10,4,0.0,125,0.0,75.95,10.42,37,Mexican,Male,Sweet
460,2,9,10,0.0,177,0.0,73.68,19.67,27,Chinese,Female,Sweet
461,0,5,4,0.0,113,0.0,83.24,10.27,21,Indian,Female,Umami
462,1,19,4,6.42,117,9.73,74.28,13.0,100,Chinese,Female,Umami
463,2,13,7,13.56,96,13.28,65.78,12.0,23,Italian,Female,Sweet
464,2,14,8,0.0,82,0.0,89.2,7.45,62,Japanese,Female,Spicy
465,0,20,9,0.0,177,0.0,73.0,16.09,67,Mexican,Male,Umami
466,0,6,7,0.0,100,0.0,79.44,7.69,91,Spanish,Female,Sweet
467,0,17,10,19.58,81,7.73,84.6,10.12,89,Japanese,Male,Sweet
468,0,18,1,0.0,120,0.0,73.48,9.23,82,Japanese,Male,Sour
469,1,6,1,0.0,79,0.0,71.0,15.8,74,Mexican,Male,Spicy
470,0,20,4,8.86,145,14.94,85.46,29.0,32,Spanish,Male,Spicy
471,0,20,2,18.42,175,6.78,76.58,13.46,92,Indian,Male,Spicy
472,2,16,9,0.0,119,0.0,76.15,23.8,93,Thai,Male,Salty
473,0,20,7,0.0,132,0.0,85.38,22.0,98,Greek,Female,Spicy
474,1,6,10,7.72,179,5.48,87.3,16.27,6,Greek,Female,Salty
475,0,14,10,0.0,97,0.0,63.44,6.47,18,Mexican,Male,Sweet
476,2,14,9,0.0,155,0.0,80.82,14.09,100,Chinese,Female,Spicy
477,2,8,2,0.0,137,0.0,83.56,27.4,52,American,Male,Bitter
478,0,17,5,9.12,70,12.69,70.86,4.67,49,Mexican,Male,Umami
479,0,8,6,0.0,124,0.0,87.61,12.4,53,Japanese,Female,Bitter
480,0,8,8,0.0,78,0.0,67.46,5.57,45,Indian,Male,Umami
481,1,12,10,5.58,142,9.14,67.24,9.47,29,American,Female,Salty
482,2,9,3,0.0,107,0.0,62.57,13.38,32,Italian,Male,Sour
483,1,14,8,0.0,179,0.0,61.44,29.83,65,French,Female,Bitter
484,1,8,1,0.0,170,0.0,72.73,17.0,87,American,Male,Sweet
485,2,20,7,1.23,164,8.64,86.57,16.4,40,Spanish,Male,Umami
486,1,19,8,0.0,176,0.0,76.31,12.57,94,Greek,Female,Sweet
487,2,9,1,0.0,161,0.0,66.14,11.5,71,Spanish,Male,Salty
488,2,13,2,0.0,82,0.0,84.28,6.31,58,Spanish,Female,Bitter
489,1,13,4,0.0,130,0.0,66.47,16.25,32,American,Female,Spicy
490,0,6,1,0.0,103,0.0,65.16,17.17,73,French,Male,Sour
491,1,16,5,0.0,171,0.0,88.24,34.2,16,Italian,Female,Sour
492,0,11,7,0.0,134,0.0,67.79,9.57,24,Japanese,Female,Salty
493,0,18,6,0.0,82,0.0,89.09,13.67,8,Italian,Male,Sour
494,2,15,1,0.0,69,0.0,60.09,6.9,73,Chinese,Female,Salty
495,0,19,1,8.73,92,12.87,82.12,10.22,16,Italian,Female,Umami
496,2,6,4,0.0,129,0.0,73.62,8.6,17,Italian,Male,Umami
497,0,8,7,16.85,139,14.3,87.65,23.17,63,Chinese,Male,Bitter
498,2,6,5,0.0,107,0.0,67.17,11.89,92,Indian,Male,Bitter
499,0,14,1,1.35,143,9.26,87.36,14.3,22,Mexican,Female,Spicy
500,0,17,1,0.0,125,0.0,88.1,20.83,75,French,Male,Spicy
501,1,8,5,0.0,71,0.0,87.92,7.1,57,French,Female,Bitter
502,0,13,6,6.56,115,11.66,73.86,9.58,75,Spanish,Female,Salty
503,2,10,7,15.72,160,6.56,81.46,12.31,54,Mexican,Male,Sweet
504,1,6,10,0.0,172,0.0,86.7,12.29,16,American,Female,Sour
505,2,16,6,9.14,163,5.48,65.38,10.87,47,Thai,Male,Sour
506,2,13,1,0.0,74,0.0,81.99,9.25,45,Spanish,Male,Umami
507,0,16,7,0.0,113,0.0,65.73,7.53,93,Greek,Male,Bitter
508,1,12,5,15.05,103,14.12,63.35,10.3,12,French,Male,Umami
509,0,20,2,0.0,128,0.0,63.19,14.22,22,Spanish,Male,Sour
510,1,7,5,10.95,172,7.83,76.13,21.5,38,Greek,Female,Bitter
511,1,20,1,0.0,150,0.0,60.24,15.0,71,Greek,Female,Umami
512,1,13,7,0.0,129,0.0,63.66,21.5,15,Chinese,Male,Sweet
513,0,8,8,0.0,87,0.0,61.6,5.8,28,Indian,Male,Bitter
514,0,7,8,0.0,102,0.0,76.72,11.33,8,Greek,Female,Umami
515,1,6,4,4.91,83,5.76,79.17,7.55,94,French,Female,Sweet
516,1,15,5,6.27,118,14.29,76.57,13.11,39,Chinese,Male,Salty
517,2,18,7,0.0,143,0.0,64.83,17.88,81,Mexican,Male,Umami
518,2,11,8,0.0,88,0.0,65.3,7.33,50,Indian,Female,Salty
519,1,9,6,5.36,169,7.67,66.18,24.14,57,Thai,Male,Spicy
520,2,12,8,0.0,174,0.0,76.93,21.75,3,Japanese,Female,Sweet
521,1,12,8,0.0,101,0.0,62.91,12.62,18,Greek,Male,Salty
522,1,13,3,3.71,174,13.36,64.86,24.86,21,Thai,Female,Umami
523,2,12,6,15.98,96,10.18,81.97,9.6,12,French,Male,Bitter
524,1,16,10,0.0,135,0.0,72.47,19.29,34,Chinese,Male,Salty
525,1,17,3,0.0,131,0.0,83.41,9.36,92,Mexican,Male,Salty
526,1,14,3,4.92,124,7.55,67.88,24.8,9,Japanese,Male,Salty
527,0,9,9,0.0,149,0.0,78.58,12.42,92,Chinese,Male,Salty
528,1,10,6,0.0,116,0.0,66.0,10.55,17,Italian,Male,Umami
529,1,12,3,0.0,87,0.0,89.78,17.4,56,French,Female,Salty
530,1,13,3,0.0,146,0.0,83.11,14.6,98,Spanish,Female,Salty
531,2,13,4,0.0,79,0.0,81.31,15.8,77,American,Female,Bitter
532,1,9,4,0.0,85,0.0,80.98,9.44,62,Japanese,Female,Bitter
533,2,12,10,14.42,83,14.24,73.27,6.92,54,Japanese,Male,Sweet
534,2,7,3,0.0,127,0.0,62.32,21.17,35,American,Male,Spicy
535,1,16,2,0.0,87,0.0,82.84,17.4,43,Indian,Female,Bitter
536,2,11,4,0.0,166,0.0,69.86,16.6,41,American,Male,Salty
537,0,11,7,0.0,139,0.0,86.24,27.8,97,Mexican,Female,Salty
538,1,20,8,0.0,174,0.0,72.71,34.8,73,Japanese,Male,Umami
539,2,11,9,0.0,107,0.0,69.19,8.92,47,Thai,Male,Spicy
540,2,11,1,0.0,111,0.0,72.63,13.88,45,Japanese,Male,Sweet
541,1,16,6,19.02,131,13.74,60.23,18.71,25,Greek,Female,Bitter
542,1,17,5,0.0,68,0.0,72.25,11.33,58,Spanish,Male,Spicy
543,1,17,3,15.7,118,10.7,86.78,13.11,92,American,Male,Salty
544,1,11,4,17.18,84,14.14,65.69,14.0,99,Greek,Female,Spicy
545,2,8,8,0.0,87,0.0,65.59,5.8,9,Japanese,Female,Sour
546,0,11,3,0.0,167,0.0,89.37,12.85,21,Chinese,Female,Umami
547,1,5,10,12.34,144,5.61,85.26,28.8,20,Italian,Male,Bitter
548,0,17,6,0.0,123,0.0,82.45,9.46,87,Thai,Female,Umami
549,1,9,8,0.54,82,8.55,68.55,5.47,64,Greek,Female,Umami
550,2,6,1,11.74,95,5.93,72.95,11.88,65,Mexican,Female,Spicy
551,2,16,5,0.0,121,0.0,67.21,17.29,41,American,Female,Bitter
552,0,7,10,1.4,68,5.45,71.65,6.18,18,Italian,Female,Umami
553,1,15,6,0.0,134,0.0,70.49,8.93,49,American,Male,Spicy
554,1,17,10,0.0,149,0.0,73.98,10.64,63,Japanese,Female,Umami
555,2,6,3,0.0,140,0.0,77.71,23.33,75,American,Female,Bitter
556,1,17,4,5.12,125,9.03,76.61,13.89,9,Italian,Female,Sour
557,0,16,5,0.0,72,0.0,84.55,5.14,35,Japanese,Male,Spicy
558,2,6,2,11.04,144,9.91,74.78,16.0,9,American,Male,Sweet
559,2,8,5,0.0,78,0.0,62.98,11.14,18,Spanish,Female,Umami
560,1,18,3,0.0,152,0.0,86.15,30.4,71,Thai,Male,Sour
561,2,9,8,0.0,127,0.0,71.48,18.14,87,Indian,Female,Spicy
562,1,18,7,0.0,97,0.0,61.19,12.12,60,Mexican,Female,Bitter
563,2,14,8,0.0,138,0.0,79.31,9.2,36,Greek,Male,Bitter
564,2,10,9,0.0,115,0.0,75.46,19.17,25,Japanese,Female,Sour
565,1,14,5,0.0,105,0.0,76.77,9.55,80,American,Female,Umami
566,0,16,4,0.0,148,0.0,68.38,14.8,85,Japanese,Female,Sour
567,1,7,6,0.0,132,0.0,62.91,11.0,87,Mexican,Female,Sweet
568,2,7,6,0.0,76,0.0,85.06,12.67,94,Mexican,Female,Salty
569,1,5,6,0.0,93,0.0,67.95,11.62,91,Chinese,Female,Spicy
570,2,20,5,0.0,154,0.0,81.67,25.67,67,Italian,Male,Salty
571,2,17,2,0.0,164,0.0,75.16,27.33,50,Spanish,Male,Spicy
572,2,20,4,0.0,107,0.0,70.34,8.23,60,Chinese,Male,Spicy
573,1,6,3,0.0,68,0.0,73.29,13.6,60,Mexican,Male,Sweet
574,0,11,7,0.0,175,0.0,68.17,19.44,91,Japanese,Male,Bitter
575,2,19,6,0.0,176,0.0,63.51,25.14,97,American,Male,Spicy
576,2,18,4,1.32,104,13.55,61.61,6.93,74,Chinese,Female,Sour
577,0,7,7,0.0,77,0.0,68.45,7.7,39,Chinese,Female,Salty
578,2,16,10,0.0,77,0.0,65.02,5.5,4,Thai,Male,Bitter
579,0,20,9,0.0,126,0.0,87.95,25.2,11,Indian,Male,Sweet
580,1,13,2,0.0,130,0.0,85.74,8.67,74,American,Male,Spicy
581,1,18,3,0.0,161,0.0,79.11,14.64,45,Spanish,Male,Salty
582,0,19,3,0.0,60,0.0,84.75,4.29,25,Spanish,Female,Salty
583,0,17,2,0.0,156,0.0,70.59,10.4,55,French,Female,Sour
584,2,6,5,0.0,68,0.0,82.21,4.86,88,Chinese,Female,Bitter
585,1,8,2,0.0,149,0.0,83.6,29.8,44,French,Female,Sweet
586,1,16,9,0.0,95,0.0,85.14,7.92,26,Italian,Male,Sweet
587,2,8,3,8.77,177,13.18,71.15,13.62,19,French,Male,Sour
588,1,5,7,0.0,124,0.0,86.2,17.71,68,Italian,Female,Sour
589,0,11,6,0.31,80,8.6,87.18,8.0,4,American,Female,Sweet
590,1,11,2,6.32,142,13.72,71.46,14.2,76,Chinese,Female,Spicy
591,1,19,5,0.0,149,0.0,87.39,13.55,50,Mexican,Male,Spicy
592,0,15,6,0.0,160,0.0,69.62,10.67,65,Thai,Male,Sour
593,2,7,9,0.0,67,0.0,82.7,7.44,49,Japanese,Female,Salty
594,2,8,3,6.42,149,14.05,68.32,16.56,96,Chinese,Female,Salty
595,0,19,5,0.0,179,0.0,69.93,25.57,14,Italian,Female,Bitter
596,0,14,7,0.0,93,0.0,73.71,10.33,75,Thai,Male,Sour
597,1,9,5,0.0,107,0.0,69.9,8.92,36,French,Male,Salty
598,0,10,3,0.0,140,0.0,70.28,15.56,76,Spanish,Male,Umami
599,1,18,9,1.7,75,6.67,67.26,5.36,46,Indian,Female,Sweet
600,1,5,9,0.0,110,0.0,74.62,22.0,90,French,Male,Spicy
601,0,14,6,9.72,107,5.89,71.87,11.89,39,Italian,Female,Salty
602,2,6,2,8.85,95,10.46,68.52,13.57,63,American,Male,Sweet
603,1,6,4,0.0,156,0.0,72.55,31.2,75,Greek,Female,Salty
604,2,16,9,0.0,112,0.0,69.2,8.0,70,Mexican,Female,Sweet
605,1,14,2,0.0,147,0.0,64.62,29.4,23,Chinese,Male,Sweet
606,1,11,3,0.0,161,0.0,89.41,32.2,56,American,Male,Sweet
607,0,15,6,7.59,83,12.37,64.39,7.55,23,Greek,Male,Umami
608,0,12,2,0.0,62,0.0,89.94,7.75,49,Italian,Female,Sweet
609,1,13,9,0.0,176,0.0,60.93,25.14,90,American,Female,Spicy
610,1,14,7,0.0,123,0.0,69.46,11.18,96,Indian,Female,Salty
611,2,15,1,11.06,102,7.89,77.57,17.0,51,Indian,Male,Sweet
612,1,8,6,1.62,86,11.17,71.17,7.82,84,Mexican,Male,Spicy
613,1,6,3,17.95,122,9.89,79.77,11.09,9,Greek,Female,Salty
614,1,12,6,0.0,81,0.0,70.42,5.4,19,Mexican,Female,Bitter
615,0,11,4,0.0,148,0.0,75.79,11.38,23,Spanish,Male,Salty
616,1,7,3,0.0,148,0.0,72.38,11.38,95,Spanish,Male,Spicy
617,2,15,1,0.0,107,0.0,60.27,10.7,80,French,Female,Sour
618,1,16,1,0.0,65,0.0,81.87,10.83,4,Indian,Female,Bitter
619,0,19,10,0.0,112,0.0,69.86,10.18,56,Spanish,Female,Sour
620,1,7,6,5.14,77,7.8,78.4,8.56,36,Spanish,Male,Bitter
621,0,13,5,0.0,115,0.0,89.2,8.21,43,Greek,Male,Bitter
622,2,9,7,0.0,118,0.0,86.18,23.6,100,French,Female,Sour
623,0,12,4,0.0,135,0.0,64.66,15.0,84,French,Female,Bitter
624,1,7,6,0.0,146,0.0,70.65,24.33,92,Japanese,Male,Spicy
625,1,12,10,0.0,110,0.0,63.59,12.22,86,French,Male,Bitter
626,1,11,8,0.0,85,0.0,69.4,9.44,81,Mexican,Female,Sweet
627,2,10,3,0.0,122,0.0,83.46,10.17,5,Greek,Female,Sour
628,1,14,2,0.0,141,0.0,71.74,10.85,32,Spanish,Male,Bitter
629,0,7,4,0.0,92,0.0,65.41,9.2,4,Italian,Female,Sour
630,0,16,4,15.02,113,6.74,71.07,8.69,41,Mexican,Male,Sour
631,1,7,2,0.0,174,0.0,70.08,11.6,26,American,Female,Spicy
632,0,7,9,0.0,164,0.0,63.7,32.8,46,Indian,Male,Umami
633,0,10,10,0.56,174,12.53,80.22,24.86,51,Indian,Female,Bitter
634,0,16,6,0.0,105,0.0,69.93,7.0,48,Japanese,Male,Bitter
635,1,15,7,14.93,155,10.78,88.7,15.5,99,Mexican,Male,Sweet
636,1,6,2,0.0,74,0.0,87.13,4.93,55,Mexican,Male,Sour
637,1,11,8,0.0,173,0.0,81.29,11.53,58,Mexican,Female,Salty
638,1,5,2,0.0,122,0.0,77.98,20.33,91,Greek,Female,Spicy
639,0,20,7,0.59,86,8.5,75.62,14.33,1,Indian,Male,Bitter
640,0,13,1,0.0,64,0.0,78.88,4.57,43,French,Male,Sweet
641,1,15,6,0.0,106,0.0,63.22,17.67,13,American,Female,Bitter
642,1,11,10,0.0,102,0.0,68.93,11.33,14,Italian,Female,Spicy
643,0,6,6,0.0,123,0.0,82.38,8.79,69,Mexican,Female,Sweet
644,0,11,4,12.05,64,11.26,71.84,9.14,59,Indian,Female,Sour
645,1,11,3,0.0,118,0.0,85.16,8.43,16,American,Female,Sweet
646,2,16,10,0.0,141,0.0,89.9,28.2,47,American,Male,Umami
647,0,17,1,6.72,114,13.41,67.59,9.5,25,Japanese,Male,Sour
648,2,5,5,0.0,150,0.0,75.74,11.54,63,French,Female,Bitter
649,0,12,2,0.0,176,0.0,68.25,25.14,20,Indian,Female,Sour
650,2,11,4,0.0,167,0.0,68.7,20.88,8,Chinese,Female,Spicy
651,0,14,10,19.7,135,5.95,73.7,27.0,57,Spanish,Male,Salty
652,0,14,1,2.58,83,8.28,62.29,5.53,35,Mexican,Male,Umami
653,2,9,3,0.0,177,0.0,83.03,16.09,97,Greek,Male,Sour
654,0,6,4,4.85,162,10.79,87.78,27.0,81,Italian,Female,Salty
655,1,15,7,0.0,123,0.0,61.36,8.2,61,Greek,Male,Bitter
656,0,17,5,17.8,131,12.72,60.71,18.71,78,Indian,Female,Bitter
657,2,9,8,7.74,166,5.02,81.43,20.75,69,American,Male,Sweet
658,2,17,1,5.23,75,11.07,81.97,6.82,52,Thai,Female,Salty
659,0,11,4,10.37,175,7.68,65.61,13.46,94,Thai,Male,Sour
660,2,15,7,0.0,72,0.0,79.71,8.0,41,Mexican,Male,Sweet
661,2,18,2,7.23,160,14.83,82.46,14.55,50,Spanish,Male,Sweet
662,2,17,10,0.0,132,0.0,77.44,13.2,33,Italian,Male,Umami
663,0,9,1,0.0,127,0.0,76.78,9.07,37,French,Male,Salty
664,1,8,9,0.0,84,0.0,60.79,10.5,6,Greek,Female,Umami
665,1,12,4,0.0,103,0.0,73.05,20.6,92,French,Male,Spicy
666,0,15,7,7.12,67,7.53,87.45,11.17,97,Greek,Female,Sweet
667,0,17,8,9.6,160,9.08,71.75,10.67,91,Japanese,Female,Umami
668,2,10,4,8.09,72,11.87,62.2,12.0,88,Thai,Female,Bitter
669,0,19,6,0.0,155,0.0,86.44,25.83,71,American,Female,Sour
670,2,12,7,0.0,120,0.0,60.31,8.57,16,Italian,Female,Spicy
671,1,9,9,6.17,137,12.43,63.25,11.42,89,American,Male,Umami
672,2,18,8,0.0,154,0.0,75.28,10.27,5,Mexican,Male,Sour
673,2,8,7,0.0,77,0.0,79.41,6.42,7,Thai,Female,Umami
674,2,17,6,11.56,167,7.9,63.08,18.56,57,Spanish,Male,Umami
675,0,15,5,16.06,125,6.22,89.41,8.33,92,Greek,Female,Spicy
676,1,14,6,19.61,125,10.49,71.31,9.62,85,Indian,Female,Sweet
677,1,12,5,0.0,166,0.0,85.63,11.86,29,Thai,Female,Sour
678,1,10,5,0.0,139,0.0,78.83,10.69,75,Greek,Female,Bitter
679,0,14,3,0.0,168,0.0,73.45,24.0,73,Greek,Male,Umami
680,2,7,9,0.0,93,0.0,86.86,9.3,1,Greek,Male,Umami
681,0,17,3,0.0,65,0.0,65.69,7.22,8,Thai,Male,Spicy
682,0,6,9,0.0,76,0.0,63.19,5.85,96,Japanese,Female,Salty
683,2,17,1,0.0,175,0.0,62.95,15.91,88,French,Male,Sour
684,1,18,8,6.97,126,9.27,78.46,10.5,36,Thai,Male,Umami
685,1,17,1,19.18,117,13.37,79.84,13.0,51,Spanish,Male,Sour
686,1,12,3,0.0,122,0.0,75.76,20.33,16,Thai,Female,Spicy
687,1,7,4,0.0,144,0.0,71.66,24.0,31,Thai,Female,Sour
688,1,10,7,0.0,107,0.0,85.68,8.23,76,Thai,Female,Sweet
689,2,6,4,0.0,79,0.0,81.58,6.08,28,Indian,Female,Spicy
690,0,8,9,14.23,139,7.86,63.24,17.38,5,Spanish,Male,Spicy
691,0,9,5,0.0,112,0.0,84.63,10.18,5,American,Male,Salty
692,0,14,4,15.28,172,7.01,75.42,12.29,71,Greek,Female,Spicy
693,1,10,4,0.0,158,0.0,85.32,10.53,49,Italian,Male,Sweet
694,0,14,4,0.0,71,0.0,73.11,10.14,34,Japanese,Female,Salty
695,0,10,10,0.0,62,0.0,69.6,4.77,58,Spanish,Female,Salty
696,2,5,4,10.52,121,12.73,64.37,13.44,88,Greek,Female,Umami
697,2,7,1,0.0,79,0.0,66.78,15.8,48,French,Male,Sour
698,2,7,1,0.0,126,0.0,82.49,8.4,39,Indian,Female,Sweet
699,0,18,10,0.0,101,0.0,62.11,16.83,99,Greek,Male,Bitter
700,2,5,2,0.0,152,0.0,65.68,21.71,60,Thai,Male,Sour
701,1,5,7,0.0,126,0.0,67.89,12.6,42,Greek,Male,Salty
702,1,11,2,0.0,140,0.0,70.99,28.0,85,French,Female,Umami
703,2,18,8,0.0,163,0.0,74.31,18.11,78,Spanish,Male,Bitter
704,2,11,10,0.0,76,0.0,72.91,6.91,70,Thai,Female,Sour
705,1,20,8,0.0,67,0.0,74.47,13.4,22,French,Female,Salty
706,0,6,8,0.0,64,0.0,73.31,6.4,52,Mexican,Male,Bitter
707,2,18,1,0.0,95,0.0,67.7,8.64,36,Thai,Female,Sour
708,1,9,10,0.0,143,0.0,78.63,15.89,3,Indian,Female,Sweet
709,2,7,4,10.95,92,9.76,89.46,9.2,50,Indian,Male,Bitter
710,0,14,7,11.51,129,10.32,88.33,11.73,30,Spanish,Male,Bitter
711,1,6,2,2.09,151,9.87,63.02,16.78,90,Thai,Female,Salty
712,0,20,2,0.0,119,0.0,74.38,23.8,79,Chinese,Male,Spicy
713,2,14,5,7.78,89,12.59,88.13,5.93,70,Chinese,Male,Sweet
714,2,8,8,0.0,104,0.0,64.07,7.43,34,Mexican,Male,Sour
715,1,15,3,0.0,85,0.0,77.9,12.14,50,Thai,Female,Sweet
716,2,15,1,0.0,88,0.0,80.83,11.0,80,Chinese,Male,Umami
717,2,14,4,19.6,87,6.2,60.7,14.5,54,Greek,Female,Sour
718,0,5,4,0.0,146,0.0,84.67,20.86,3,Italian,Female,Sour
719,0,16,2,0.0,169,0.0,75.06,24.14,16,Spanish,Female,Salty
720,2,10,9,0.0,79,0.0,63.68,6.08,85,Mexican,Female,Spicy
721,0,6,4,5.7,149,6.46,83.05,18.62,91,Italian,Male,Sweet
722,1,19,6,0.0,60,0.0,62.59,5.0,54,French,Female,Umami
723,1,15,5,8.81,147,7.87,87.32,9.8,26,Greek,Male,Sweet
724,0,12,7,1.38,115,11.74,75.35,12.78,59,French,Female,Sweet
725,0,16,6,4.28,84,11.32,84.5,9.33,68,Spanish,Male,Salty
726,2,12,3,0.0,67,0.0,60.58,9.57,38,Italian,Male,Salty
727,0,5,9,0.0,126,0.0,60.73,9.0,21,Thai,Male,Bitter
728,0,10,9,0.0,168,0.0,89.85,21.0,99,Chinese,Female,Salty
729,2,11,5,0.0,152,0.0,69.68,16.89,95,Thai,Male,Bitter
730,1,19,8,0.0,176,0.0,73.61,22.0,16,Thai,Female,Salty
731,2,18,7,13.17,90,6.36,87.89,15.0,97,French,Female,Spicy
732,0,5,3,0.0,142,0.0,66.96,17.75,23,Thai,Female,Bitter
733,0,6,2,3.57,68,6.11,66.17,4.53,20,Greek,Female,Salty
734,2,9,2,0.0,127,0.0,65.17,9.77,52,Spanish,Female,Salty
735,2,17,7,0.0,77,0.0,82.51,11.0,46,Greek,Male,Sweet
736,0,5,10,0.0,92,0.0,87.66,11.5,48,Chinese,Female,Bitter
737,1,6,6,15.87,126,10.82,63.74,12.6,1,Japanese,Female,Umami
738,1,20,8,0.0,139,0.0,79.43,17.38,56,Chinese,Male,Spicy
739,1,12,6,0.0,138,0.0,67.67,12.55,94,Greek,Male,Spicy
740,2,17,2,5.49,157,9.8,71.9,12.08,11,Thai,Female,Salty
741,1,5,6,0.0,97,0.0,60.66,16.17,4,American,Male,Umami
742,2,9,7,15.46,90,7.03,82.01,7.5,91,Mexican,Male,Umami
743,1,6,1,0.0,146,0.0,65.46,10.43,43,Mexican,Female,Sweet
744,1,5,7,0.0,158,0.0,72.73,26.33,42,Mexican,Female,Umami
745,0,14,6,0.0,167,0.0,68.44,13.92,77,Greek,Male,Salty
746,1,10,9,0.0,138,0.0,76.82,19.71,28,Mexican,Female,Umami
747,2,7,6,0.0,164,0.0,78.41,10.93,16,Indian,Female,Sweet
748,2,10,6,6.57,120,11.75,71.31,10.91,78,Thai,Male,Umami
749,1,9,8,0.0,70,0.0,60.42,4.67,59,French,Female,Umami
750,1,19,6,0.0,139,0.0,60.77,27.8,26,American,Female,Sour
751,0,19,5,0.0,78,0.0,60.06,15.6,39,Chinese,Male,Bitter
752,1,15,4,2.49,158,8.58,68.35,14.36,61,Indian,Female,Salty
753,1,11,5,0.0,132,0.0,69.22,10.15,63,Chinese,Male,Bitter
754,0,13,5,15.09,164,6.92,71.47,20.5,39,Greek,Male,Spicy
755,0,8,7,0.0,174,0.0,83.39,21.75,53,Greek,Male,Sour
756,1,7,6,14.8,103,12.21,68.84,20.6,77,Thai,Male,Bitter
757,2,5,1,0.0,136,0.0,89.79,17.0,90,Thai,Female,Spicy
758,1,6,10,19.7,156,10.1,86.55,31.2,64,Mexican,Male,Umami
759,1,12,2,0.0,84,0.0,88.89,7.64,20,Spanish,Male,Spicy
760,0,20,3,0.0,132,0.0,79.03,26.4,43,Greek,Female,Spicy
761,1,18,2,0.0,60,0.0,67.03,7.5,53,Chinese,Female,Spicy
762,2,17,7,0.0,85,0.0,78.85,6.54,8,Thai,Female,Salty
763,1,15,3,4.36,128,6.46,60.12,16.0,23,Thai,Male,Bitter
764,1,9,6,3.78,79,7.45,63.68,7.18,71,French,Male,Spicy
765,0,7,8,0.0,103,0.0,68.52,8.58,8,Indian,Male,Salty
766,2,6,8,0.0,72,0.0,86.46,12.0,85,Italian,Male,Umami
767,2,7,9,0.0,167,0.0,60.87,13.92,63,Italian,Female,Bitter
768,0,11,4,11.97,73,12.01,79.03,5.62,50,Greek,Male,Bitter
769,2,10,2,0.0,174,0.0,75.14,19.33,45,Thai,Male,Bitter
770,1,18,4,0.0,116,0.0,83.44,14.5,35,Greek,Male,Spicy
771,2,12,5,19.17,96,12.97,89.82,8.73,66,Indian,Female,Sour
772,1,19,2,3.84,143,11.61,69.82,14.3,2,American,Male,Umami
773,1,11,10,0.0,132,0.0,82.24,26.4,37,Indian,Female,Sweet
774,1,10,8,4.34,180,6.73,74.77,18.0,53,French,Male,Bitter
775,1,12,2,19.54,107,7.03,71.9,17.83,46,Italian,Male,Salty
776,2,9,2,1.63,127,10.17,74.43,21.17,26,Spanish,Female,Spicy
777,1,19,6,0.0,125,0.0,67.95,17.86,92,American,Female,Spicy
778,2,15,8,0.0,121,0.0,66.75,15.12,59,Spanish,Male,Sour
779,0,7,1,0.0,167,0.0,79.46,15.18,97,Mexican,Female,Sour
780,0,9,10,0.0,102,0.0,84.67,9.27,16,Indian,Female,Bitter
781,0,18,4,0.0,69,0.0,82.11,13.8,45,Mexican,Male,Umami
782,2,11,10,0.0,73,0.0,73.88,7.3,40,Spanish,Male,Salty
783,0,16,2,0.0,125,0.0,82.97,8.33,14,Thai,Female,Bitter
784,0,20,7,0.0,170,0.0,75.83,34.0,21,Greek,Male,Salty
785,1,13,2,17.12,105,7.15,62.68,11.67,80,Indian,Male,Salty
786,2,11,5,0.0,120,0.0,87.11,20.0,28,Indian,Male,Salty
787,2,15,9,0.0,170,0.0,87.34,34.0,95,French,Female,Sour
788,2,17,5,0.0,162,0.0,67.4,10.8,27,Thai,Female,Spicy
789,2,16,2,0.0,91,0.0,68.65,8.27,65,Thai,Male,Bitter
790,0,15,8,0.0,65,0.0,78.93,9.29,1,Thai,Female,Bitter
791,0,18,10,0.0,143,0.0,61.73,11.92,91,Thai,Female,Sweet
792,1,5,8,0.0,90,0.0,65.46,15.0,89,Greek,Male,Sour
793,0,18,5,12.92,74,12.46,61.09,7.4,97,Italian,Male,Umami
794,2,10,7,0.0,169,0.0,68.6,28.17,40,Mexican,Female,Sweet
795,0,13,1,3.44,112,7.82,65.29,16.0,80,Indian,Male,Salty
796,2,6,1,0.0,94,0.0,72.78,15.67,87,Italian,Male,Salty
797,2,6,1,3.27,136,11.65,82.79,13.6,85,French,Male,Salty
798,2,17,10,0.0,167,0.0,62.99,27.83,100,Thai,Female,Umami
799,0,19,6,0.0,95,0.0,71.83,7.31,90,American,Female,Spicy
800,0,17,2,0.0,149,0.0,81.61,12.42,79,Japanese,Female,Bitter
801,1,5,7,0.0,94,0.0,66.93,9.4,34,French,Female,Salty
802,2,10,8,0.0,83,0.0,71.94,7.55,99,Chinese,Female,Spicy
803,2,12,2,3.89,87,7.78,71.2,7.25,34,Italian,Female,Sweet
804,2,17,7,15.76,156,5.25,79.88,12.0,11,Mexican,Female,Spicy
805,1,16,4,5.47,125,9.44,62.34,9.62,71,Mexican,Female,Umami
806,2,18,4,16.79,82,6.66,65.56,13.67,33,Spanish,Female,Spicy
807,0,13,4,0.0,121,0.0,84.72,13.44,60,Italian,Male,Sour
808,0,19,2,0.0,119,0.0,83.74,11.9,89,Chinese,Male,Salty
809,2,6,10,0.0,112,0.0,69.0,8.62,83,French,Female,Salty
810,2,12,8,4.37,136,8.08,72.19,15.11,15,Chinese,Male,Salty
811,2,12,8,0.0,64,0.0,62.14,4.92,19,Indian,Male,Salty
812,2,11,4,10.64,168,9.58,87.82,28.0,25,Thai,Male,Umami
813,2,7,2,0.0,134,0.0,69.89,11.17,74,Thai,Male,Bitter
814,0,16,8,0.0,69,0.0,63.87,6.27,61,Thai,Male,Sweet
815,1,20,6,0.0,93,0.0,76.19,10.33,39,Chinese,Male,Spicy
816,0,6,8,16.77,150,13.81,66.98,30.0,76,Japanese,Male,Sour
817,1,14,7,4.26,84,6.71,86.77,7.0,66,Italian,Male,Bitter
818,0,6,2,0.0,85,0.0,80.59,12.14,41,Greek,Male,Bitter
819,2,17,2,0.0,171,0.0,67.42,21.38,39,Indian,Female,Sour
820,0,5,5,0.0,141,0.0,70.37,12.82,98,Spanish,Female,Umami
821,2,8,4,0.47,168,6.61,66.95,24.0,66,Greek,Male,Bitter
822,0,19,6,0.0,124,0.0,66.28,10.33,91,Chinese,Female,Bitter
823,0,14,8,9.46,134,10.21,83.26,8.93,62,Thai,Male,Umami
824,2,10,2,17.72,160,13.72,70.47,14.55,46,American,Male,Umami
825,0,7,2,0.0,87,0.0,83.88,7.91,87,Mexican,Male,Umami
826,0,17,5,0.0,120,0.0,72.55,10.0,26,French,Female,Spicy
827,0,20,5,6.81,82,13.89,64.53,9.11,95,Spanish,Male,Bitter
828,1,18,6,0.0,125,0.0,88.2,11.36,83,Thai,Male,Salty
829,2,12,2,0.0,171,0.0,89.54,34.2,44,Indian,Female,Sweet
830,1,17,9,15.67,175,14.96,64.16,19.44,57,Japanese,Female,Salty
831,1,6,8,0.0,77,0.0,79.27,12.83,65,Chinese,Female,Salty
832,1,11,4,0.0,65,0.0,73.66,13.0,82,Italian,Male,Salty
833,2,14,8,0.0,149,0.0,82.2,29.8,58,American,Female,Bitter
834,1,12,3,0.0,131,0.0,68.83,10.92,58,Mexican,Female,Sour
835,2,5,3,5.24,139,10.32,72.35,9.93,33,American,Female,Salty
836,1,5,5,0.0,71,0.0,76.15,4.73,12,American,Male,Bitter
837,1,19,10,0.0,169,0.0,77.37,12.07,67,Chinese,Male,Sour
838,0,11,9,0.0,72,0.0,79.8,10.29,70,Thai,Female,Spicy
839,2,14,4,0.0,146,0.0,86.55,11.23,52,Italian,Male,Sweet
840,2,9,10,0.0,63,0.0,75.87,9.0,87,French,Female,Sour
841,2,13,3,0.0,158,0.0,77.28,15.8,44,American,Male,Spicy
842,1,9,7,0.0,123,0.0,78.6,24.6,7,Japanese,Female,Sour
843,1,9,8,0.0,68,0.0,79.94,6.18,18,Indian,Male,Bitter
844,0,20,8,0.42,169,8.06,67.25,16.9,62,Thai,Female,Sweet
845,1,5,3,0.0,120,0.0,87.95,10.0,1,American,Female,Salty
846,2,20,1,0.0,64,0.0,65.92,4.27,41,Mexican,Male,Sour
847,2,12,4,0.0,155,0.0,71.4,19.38,67,Mexican,Male,Umami
848,0,5,4,12.26,140,10.03,80.2,14.0,23,American,Female,Salty
849,2,17,4,0.0,95,0.0,64.34,9.5,55,Chinese,Male,Spicy
850,1,9,1,0.0,110,0.0,68.97,7.33,22,Indian,Female,Umami
851,0,8,4,0.0,106,0.0,86.18,11.78,14,Italian,Male,Sweet
852,0,8,7,5.17,105,5.51,83.65,8.75,99,Thai,Female,Sour
853,0,9,5,14.95,88,12.25,68.69,17.6,29,Spanish,Female,Sour
854,2,11,7,10.16,123,14.82,68.97,13.67,54,Chinese,Female,Spicy
855,1,14,10,0.0,134,0.0,75.85,8.93,27,Japanese,Male,Sweet
856,2,16,7,0.0,112,0.0,72.91,9.33,75,Thai,Female,Bitter
857,0,16,6,0.0,110,0.0,63.77,7.86,90,Indian,Male,Salty
858,0,7,10,0.0,160,0.0,83.45,14.55,52,Greek,Female,Umami
859,0,20,2,0.0,151,0.0,76.74,30.2,7,Italian,Male,Bitter
860,1,18,9,4.08,123,6.14,74.89,20.5,34,Chinese,Female,Sour
861,0,20,9,0.0,179,0.0,89.71,16.27,84,Italian,Male,Umami
862,2,14,2,8.6,90,14.28,80.4,10.0,79,American,Female,Bitter
863,1,16,6,0.0,94,0.0,78.73,6.27,99,American,Female,Umami
864,0,5,8,7.43,121,12.35,82.02,17.29,95,Spanish,Male,Sweet
865,0,10,6,0.0,161,0.0,71.13,12.38,59,Indian,Male,Spicy
866,1,18,10,0.0,165,0.0,63.43,11.79,69,Thai,Male,Spicy
867,2,13,4,0.0,123,0.0,83.78,12.3,90,Greek,Male,Umami
868,2,13,5,0.0,97,0.0,68.74,16.17,92,Japanese,Male,Umami
869,2,15,7,0.0,164,0.0,88.18,14.91,3,Chinese,Female,Salty
870,0,16,2,0.0,171,0.0,68.0,34.2,32,Indian,Female,Umami
871,2,13,4,0.0,180,0.0,83.4,30.0,53,Thai,Male,Spicy
872,0,14,8,0.0,105,0.0,71.32,7.5,39,Chinese,Male,Spicy
873,2,5,9,0.0,154,0.0,60.24,14.0,77,Japanese,Male,Salty
874,2,8,7,19.75,88,9.8,77.56,9.78,57,Italian,Male,Salty
875,0,19,4,7.74,118,5.04,73.1,19.67,63,Spanish,Male,Umami
876,2,7,1,0.0,84,0.0,83.05,9.33,36,Greek,Male,Salty
877,2,16,5,0.0,109,0.0,88.57,18.17,60,French,Female,Bitter
878,2,16,2,0.0,121,0.0,80.93,15.12,47,Chinese,Male,Sweet
879,0,7,1,0.0,116,0.0,76.81,7.73,54,Italian,Male,Sweet
880,2,19,3,10.65,91,9.87,71.64,11.38,14,Mexican,Female,Bitter
881,0,13,4,0.0,66,0.0,81.15,11.0,32,Thai,Female,Salty
882,2,17,8,12.89,123,13.41,84.05,9.46,46,Thai,Male,Sweet
883,1,5,8,0.0,143,0.0,64.95,15.89,31,Greek,Female,Salty
884,1,11,2,0.0,65,0.0,73.38,4.64,82,Italian,Female,Sweet
885,2,6,4,0.0,106,0.0,69.17,11.78,35,Japanese,Female,Bitter
886,2,8,10,2.29,61,7.51,89.54,6.1,71,Greek,Male,Sour
887,0,10,5,0.0,111,0.0,86.26,22.2,83,Greek,Male,Bitter
888,2,14,2,0.0,74,0.0,75.67,8.22,60,American,Female,Sour
889,0,5,5,0.0,143,0.0,62.04,28.6,79,Indian,Male,Sour
890,1,17,2,0.0,165,0.0,87.26,12.69,37,Japanese,Male,Bitter
891,1,14,4,0.88,64,8.37,87.88,7.11,72,Japanese,Male,Sour
892,2,8,2,0.0,170,0.0,61.89,15.45,45,Mexican,Male,Sour
893,1,10,10,0.0,60,0.0,83.29,6.0,60,Japanese,Female,Salty
894,1,6,1,0.0,147,0.0,63.51,16.33,39,Indian,Male,Salty
895,2,12,1,0.0,110,0.0,77.66,7.86,88,Greek,Female,Spicy
896,1,7,4,0.0,124,0.0,75.0,8.86,8,French,Male,Sweet
897,0,16,4,0.0,150,0.0,68.91,10.0,83,French,Female,Salty
898,1,6,10,0.0,124,0.0,82.02,10.33,34,Spanish,Male,Umami
899,2,11,8,0.0,108,0.0,72.54,12.0,29,Italian,Female,Sweet
900,0,17,1,0.0,143,0.0,60.09,11.92,65,Thai,Female,Sour
901,0,19,10,8.17,93,12.27,61.08,8.45,52,French,Male,Sour
902,0,5,5,0.0,82,0.0,64.83,6.83,95,Spanish,Female,Umami
903,2,20,10,0.0,63,0.0,84.55,12.6,70,Spanish,Male,Sour
904,2,7,8,0.0,145,0.0,80.35,11.15,71,Spanish,Male,Sour
905,2,17,9,0.0,120,0.0,61.5,8.57,83,Italian,Male,Umami
906,1,18,9,8.5,172,9.78,60.39,11.47,29,Italian,Female,Sour
907,0,19,5,0.0,78,0.0,86.93,8.67,77,Indian,Female,Umami
908,1,16,6,0.0,95,0.0,82.81,11.88,70,Chinese,Male,Salty
909,1,18,5,1.72,135,5.35,79.66,10.38,3,American,Female,Bitter
910,0,19,2,8.29,142,6.5,69.97,17.75,60,Mexican,Male,Salty
911,1,18,6,0.0,180,0.0,74.55,13.85,15,Indian,Female,Spicy
912,0,10,1,1.31,93,11.27,83.37,7.15,100,French,Male,Spicy
913,1,15,2,0.0,125,0.0,75.24,12.5,73,Greek,Female,Spicy
914,1,19,10,0.0,82,0.0,65.05,11.71,21,Mexican,Female,Sour
915,2,5,1,0.0,98,0.0,61.69,9.8,82,Mexican,Male,Sweet
916,2,17,1,0.0,62,0.0,67.7,12.4,89,Greek,Female,Sweet
917,2,12,6,15.95,90,12.76,61.73,8.18,79,Indian,Male,Umami
918,1,6,2,0.0,76,0.0,64.46,12.67,40,Mexican,Male,Sour
919,2,20,9,0.0,142,0.0,77.38,10.14,61,Thai,Female,Salty
920,2,15,10,0.0,111,0.0,65.03,15.86,2,Mexican,Female,Bitter
921,2,6,4,5.35,141,5.67,78.46,11.75,45,Indian,Male,Bitter
922,0,10,1,0.0,118,0.0,60.45,7.87,37,Spanish,Male,Sour
923,1,9,9,0.0,88,0.0,77.56,7.33,64,Indian,Female,Sweet
924,0,15,3,16.11,172,7.56,62.5,28.67,8,Indian,Male,Bitter
925,1,5,9,0.0,96,0.0,75.25,9.6,70,Greek,Male,Sweet
926,1,7,6,10.51,160,6.5,66.34,17.78,19,French,Male,Spicy
927,1,10,9,0.0,116,0.0,63.09,8.29,89,Italian,Male,Sour
928,2,19,9,0.0,75,0.0,79.82,12.5,57,Italian,Male,Umami
929,0,17,6,0.0,106,0.0,66.63,13.25,50,Chinese,Male,Spicy
930,2,9,5,12.31,173,6.59,85.92,17.3,68,Mexican,Female,Spicy
931,2,18,5,0.0,104,0.0,71.59,17.33,93,Mexican,Male,Umami
932,2,12,9,0.0,148,0.0,64.1,13.45,66,Mexican,Male,Spicy
933,0,8,5,0.0,101,0.0,63.11,10.1,67,Greek,Male,Sweet
934,2,12,1,0.74,174,8.35,77.23,24.86,88,Spanish,Male,Salty
935,2,6,6,0.0,69,0.0,87.08,8.62,2,Indian,Female,Salty
936,2,14,9,16.84,157,6.86,81.1,12.08,74,French,Female,Umami
937,2,11,4,11.61,133,6.34,63.26,12.09,45,Thai,Female,Bitter
938,2,10,8,0.0,81,0.0,85.24,13.5,77,Mexican,Male,Umami
939,0,8,10,1.06,139,10.37,88.01,9.93,79,Japanese,Female,Salty
940,0,11,6,0.0,65,0.0,63.48,7.22,47,Italian,Male,Sweet
941,1,19,4,0.0,101,0.0,68.9,6.73,18,Japanese,Male,Bitter
942,2,7,1,0.0,138,0.0,88.72,10.62,81,American,Male,Sweet
943,2,15,7,0.0,138,0.0,68.11,17.25,26,Mexican,Male,Bitter
944,1,9,1,0.0,176,0.0,83.76,13.54,12,Thai,Male,Bitter
945,2,10,4,0.0,167,0.0,82.86,20.88,25,Spanish,Female,Spicy
946,0,8,8,0.0,157,0.0,62.59,14.27,64,Greek,Female,Spicy
947,0,6,3,0.0,165,0.0,87.88,16.5,15,American,Female,Umami
948,2,10,7,0.0,112,0.0,65.86,7.47,18,French,Male,Sweet
949,0,5,3,0.0,137,0.0,82.37,27.4,60,Indian,Male,Salty
950,1,18,10,0.0,135,0.0,80.91,15.0,72,Greek,Male,Bitter
951,1,20,9,11.56,170,10.42,71.81,17.0,40,Thai,Female,Umami
952,2,20,7,0.0,74,0.0,83.72,8.22,98,Italian,Male,Sweet
953,2,15,3,8.44,106,11.05,72.19,15.14,54,Italian,Female,Sour
954,1,5,6,0.0,140,0.0,66.23,10.0,81,Japanese,Male,Umami
955,0,6,9,0.0,61,0.0,89.68,5.08,64,Greek,Female,Umami
956,0,19,6,0.0,146,0.0,68.41,18.25,33,Italian,Male,Spicy
957,1,12,3,0.0,87,0.0,65.82,17.4,48,Italian,Female,Spicy
958,0,16,1,3.21,62,11.17,85.43,5.64,23,Italian,Female,Bitter
959,1,12,4,0.0,110,0.0,70.7,22.0,75,Indian,Female,Umami
960,0,7,3,0.0,135,0.0,80.65,9.64,41,Mexican,Male,Spicy
961,2,19,8,0.0,84,0.0,75.58,7.0,8,Indian,Male,Sour
962,0,12,8,0.0,113,0.0,89.01,8.69,49,Italian,Female,Sweet
963,0,18,5,7.35,165,13.46,83.47,11.79,41,Japanese,Male,Umami
964,0,17,10,0.0,139,0.0,74.93,9.93,48,Spanish,Female,Salty
965,0,14,5,0.0,76,0.0,60.54,5.43,23,Thai,Male,Spicy
966,0,11,9,0.0,175,0.0,71.75,17.5,29,Spanish,Male,Salty
967,0,6,7,0.0,98,0.0,84.88,12.25,17,French,Male,Sweet
968,0,19,8,0.0,113,0.0,66.23,11.3,78,Japanese,Female,Bitter
969,1,17,9,0.0,179,0.0,70.31,17.9,59,French,Male,Spicy
970,2,17,10,0.0,174,0.0,78.03,13.38,40,American,Male,Sweet
971,0,18,3,0.0,151,0.0,71.36,12.58,5,Spanish,Female,Salty
972,0,15,4,0.0,72,0.0,81.81,5.54,28,Chinese,Male,Sweet
973,0,8,2,0.0,121,0.0,62.41,9.31,20,Thai,Female,Umami
974,2,10,5,19.87,88,12.09,67.54,11.0,49,Indian,Female,Spicy
975,1,18,6,0.0,133,0.0,88.61,11.08,33,Indian,Male,Sweet
976,2,18,2,16.36,70,5.09,63.65,5.0,60,Chinese,Female,Umami
977,2,5,7,1.24,133,14.18,65.75,19.0,98,Indian,Male,Sour
978,0,14,2,0.0,61,0.0,79.62,8.71,95,Indian,Female,Umami
979,0,10,6,0.0,173,0.0,60.12,28.83,15,Chinese,Female,Sweet
980,2,8,1,0.0,109,0.0,89.15,9.91,4,Greek,Female,Bitter
981,1,9,6,0.0,60,0.0,69.45,4.29,30,American,Male,Bitter
982,0,8,1,16.3,129,5.07,72.13,21.5,7,Indian,Female,Umami
983,1,17,3,0.0,88,0.0,78.43,6.77,56,Mexican,Female,Sour
984,0,18,7,5.48,150,7.79,84.26,16.67,10,Spanish,Female,Salty
985,2,8,1,0.0,124,0.0,77.92,20.67,51,Mexican,Male,Spicy
986,2,9,4,15.83,84,13.67,64.68,14.0,6,Mexican,Male,Sweet
987,2,14,1,0.0,150,0.0,81.51,13.64,18,Indian,Male,Sweet
988,1,15,3,18.75,95,10.72,64.42,9.5,14,Japanese,Male,Umami
989,0,16,3,0.0,120,0.0,86.39,9.23,34,Mexican,Male,Bitter
990,1,6,7,5.41,108,11.27,72.09,7.71,75,Chinese,Male,Salty
991,0,19,1,17.68,105,14.39,86.29,8.08,62,Greek,Female,Salty
992,2,18,1,0.0,84,0.0,61.1,12.0,66,Mexican,Male,Bitter
993,1,20,6,0.0,95,0.0,66.93,6.33,48,American,Female,Sour
994,2,6,4,0.0,117,0.0,76.47,9.75,51,American,Male,Umami
995,1,10,9,8.98,152,10.49,89.26,10.86,28,Thai,Male,Bitter
996,1,9,4,0.0,90,0.0,79.24,6.43,67,Spanish,Male,Bitter
997,1,20,9,5.03,62,8.51,86.55,6.2,2,Indian,Male,Umami
998,2,5,3,0.0,148,0.0,70.34,11.38,92,Thai,Male,Bitter
999,2,19,3,0.0,180,0.0,89.23,13.85,62,Indian,Male,Sour
1000,0,13,4,2.41,89,10.17,62.4,8.9,61,Thai,Female,Salty
